path_name,size

/404,24797
/500,5826
/favicon.ico,25931
/icon.svg,629
/images/become-a-guide/hero.svg,2193
/images/cities/amsterdam.svg,1386
/images/cities/barcelona.svg,1410
/images/cities/berlin.svg,1356
/images/cities/default.svg,1313
/images/cities/london.svg,1377
/images/cities/madrid.svg,1355
/images/covers/default.svg,2263
/images/guide-hero.png,2252020
/images/guides/default.svg,1271
/images/hero.png,1480308
/images/highlights/default-1.svg,840
/images/highlights/default-2.svg,793
/images/highlights/default-3.svg,751
/images/home/hero-aurora.svg,1952
/images/home/README.md,2260
/images/mockImages/1757379834604-rainbow_tour_guides_logo_integration_index_0@1024x1024.png,1975106
/images/mockImages/Gemini_Generated_Image_31hhwx31hhwx31hh.png,6695764
/images/mockImages/Gemini_Generated_Image_nd6icnd6icnd6icn.png,1480308
/images/mockImages/rainbow_tour_guides_imagery_3.png,2252020
/images/mockImages/rainbow_tour_guides_imagery_4.png,2346960
/images/mockImages/rainbow_tour_guides_imagery_5.png,2462566
/images/mockImages/rainbow_tour_guides_imagery_6.png,2595748
/images/mockImages/rainbow_tour_guides_imagery_7.png,2401147
/images/mockImages/rainbow_tour_guides_imagery_barcelona.png,2278965
/images/mockImages/rainbow_tour_guides_imagery_lisbon_v2.png,2244614
/images/mockImages/rainbow_tour_guides_imagery_paris.png,2232404
/images/mockImages/rainbow_tour_guides_imagery_rio_de_janeiro_v2.webp,1218374
/images/mockImages/rainbow_tour_guides_imagery_rio_de_janeiro.png,2382228
/images/mockImages/rainbow_tour_guides_imagery_rome.png,2285900
/images/mockImages/RainbowTourGuidesLogo.png,53837
/images/rtg-logo.png,53837
/placeholder-avatar.svg,323
/placeholder-city.svg,275
/robots.txt,447
/_next/static/chunks/044fbb704a58df59.js,3569
/_next/static/chunks/1151e692af27b03b.js,9239
/_next/static/chunks/13ea1ec0beb984cb.js,69369
/_next/static/chunks/1ba32a56e5feb868.css,68628
/_next/static/chunks/204f7156c046305a.js,10464
/_next/static/chunks/2997e7d72ffcd97d.js,17996
/_next/static/chunks/337abb2a799c75cf.js,21178
/_next/static/chunks/46649693392e897a.js,14129
/_next/static/chunks/484c06cb5c9fac03.js,224413
/_next/static/chunks/486323a09288d75b.js,4321
/_next/static/chunks/498184dbf071953a.js,12635
/_next/static/chunks/536bc9d7147d5c54.js,2726
/_next/static/chunks/5a24c6ad58ce137f.js,3569
/_next/static/chunks/5c6375e4c868ec81.js,26479
/_next/static/chunks/5fff1807d4b414d3.js,328945
/_next/static/chunks/61bc785dc6bd3109.js,20171
/_next/static/chunks/6446990838ce26b8.js,14849
/_next/static/chunks/650b0d2d0b895b93.js,30681
/_next/static/chunks/74d480567dc0fd3d.js,21433
/_next/static/chunks/76e8dece9a8423b2.js,49366
/_next/static/chunks/783a03eac66fd8f5.js,6214
/_next/static/chunks/816168a2a6c9adff.js,24050
/_next/static/chunks/85a8c63a8d627d3a.js,110863
/_next/static/chunks/8cd0e53d446ab990.js,33299
/_next/static/chunks/95748c965b3180b0.js,27887
/_next/static/chunks/9a61b6c7ed74c7c2.js,3959
/_next/static/chunks/a0a7aeb542e804a8.js,25075
/_next/static/chunks/a37a0edefdcec477.js,1024
/_next/static/chunks/a6dad97d9634a72d.js,112594
/_next/static/chunks/a6dad97d9634a72d.js.map,115717
/_next/static/chunks/a8af824129521f91.js,33777
/_next/static/chunks/ad024b2261f3a20c.js,11986
/_next/static/chunks/b7cef270f6496878.js,9881
/_next/static/chunks/b9eb65b3f908d098.js,3895
/_next/static/chunks/c026e3f58cf7df78.js,3575
/_next/static/chunks/c5c7b124c0f255f2.js,3873
/_next/static/chunks/cc69e2f8e9120782.js,4307
/_next/static/chunks/d66ff29b18883c1c.js,24050
/_next/static/chunks/d96454bcc6e7494a.js,3582
/_next/static/chunks/e00e23b5d0c79f18.js,7946
/_next/static/chunks/e53e8ee3e56a12ac.js,29697
/_next/static/chunks/e5e8a4dee3e1f059.js,13690
/_next/static/chunks/f089a783cab67206.js,1918
/_next/static/chunks/f1b4d49aa9e249c5.js,1570
/_next/static/chunks/f69cc31ae0f0524b.js,204952
/_next/static/chunks/fb50812dcbba581b.js,16983
/_next/static/chunks/fd6fbf6d6f8853cd.js,3574
/_next/static/chunks/ff1a16fafef87110.js,282
/_next/static/chunks/ff289bf007f48d0c.js,3574
/_next/static/chunks/turbopack-c7713d7cd9110aaf.js,10707
/_next/static/iQ2k74v0Pk6aH-CHWH2Sm/_buildManifest.js,219
/_next/static/iQ2k74v0Pk6aH-CHWH2Sm/_clientMiddlewareManifest.json,283
/_next/static/iQ2k74v0Pk6aH-CHWH2Sm/_ssgManifest.js,80
/_next/static/media/favicon.0b3bf435.ico,25931
/_next/static/not-found.txt,9
/,39983737
/account,39983737
/admin/bookings,39983737
/admin/content/blog,39983737
/admin/guides,39983737
/admin/reviews,39983737
/admin/users,39983737
/api/admin/approve-all-guides,1123036
/api/bookings/[id]/status,1123036
/api/bookings/create,1123036
/api/checkout/create-session,1123036
/api/checkout/verify-session,1123036
/api/debug/queries,1123036
/auth/callback,1123036
/auth/sign-in,39983737
/auth/sign-up,39983737
/blog/[slug],39983737
/cities,39983737
/cities/[slug],39983737
/countries/[slug],39983737
/debug/auth,39983737
/guide,39983737
/guide/availability,39983737
/guide/bookings,39983737
/guide/bookings/[id],39983737
/guide/dashboard,39983737
/guide/messages,39983737
/guide/messages/[threadId],39983737
/guide/onboarding,39983737
/guide/payouts,39983737
/guide/photos,39983737
/guide/pricing,39983737
/guide/profile,39983737
/guide/reviews,39983737
/guide/settings,39983737
/guides,39983737
/guides/[slug],39983737
/messages,39983737
/messages/[id],39983737
/sitemap.xml,1123036
/test-connection,39983737
/traveler,39983737
/traveler/bookings,39983737
/traveler/bookings/[id],39983737
/traveler/dashboard,39983737
/traveler/messages,39983737
/traveler/messages/[threadId],39983737
/traveler/onboarding,39983737
/traveler/profile,39983737
/traveler/reviews,39983737
/traveler/settings,39983737
/_global-error,849368
/admin,849368
/auth/sign-out,849368
/become-a-guide,849368
/blog,849368
/faq,849368
/how-it-works,849368
/legal/privacy,849368
/legal/safety,849368
/legal/terms,849368